phase,task_id,parent_id,critical_path_rank,title,profit_lever,repo_area_or_files,owner_lane,effort,dependencies,kpi_target,definition_of_done,status,verification_evidence,done_date,done_by
0-14d,BH-001.01,BH-001,1,"Audit existing tracked vs untracked user actions across BaseLayout, DownloadModal, BudgetGearBuilder, and TrailChat",Measurement foundation (faster decisions),docs/business/profitability-event-taxonomy-start-here.md (new); docs/business/profitability-execution-task-list-start-here.md,Product/Ops,XS (2-4h),—,BH-001 scope signed off with file-level acceptance criteria,Implementation brief for BH-001 committed with explicit inputs/outputs and reviewer approval.,Not Started,,,
0-14d,BH-001.02,BH-001,1,"Define v1 event naming convention and payload schema (source, campaign, value, session) in profitability-event-taxonomy-start-here.md",Measurement foundation (faster decisions),docs/business/profitability-event-taxonomy-start-here.md (new); docs/business/profitability-execution-task-list-start-here.md,Product/Ops,S (0.5-1d),BH-001.01,Core build for BH-001 merged to main with green CI,Code/docs updates for BH-001 merged; lint/tests passing with no critical defects.,Not Started,,,
0-14d,BH-001.03,BH-001,1,"Map each event to funnel stage, KPI owner, and weekly scorecard metric in the dictionary",Measurement foundation (faster decisions),docs/business/profitability-event-taxonomy-start-here.md (new); docs/business/profitability-execution-task-list-start-here.md,Product/Ops,S (0.5-1d),BH-001.02,BH-001 QA checklist passes with zero P1 defects,QA test matrix for BH-001 executed; evidence captured and blocking issues resolved.,Not Started,,,
0-14d,BH-001.04,BH-001,1,Run taxonomy sign-off review and lock v1 changelog + instrumentation acceptance checklist,Measurement foundation (faster decisions),docs/business/profitability-event-taxonomy-start-here.md (new); docs/business/profitability-execution-task-list-start-here.md,Product/Ops,XS-S (3-6h),BH-001.03,>=25 named events mapped to funnel stages and owners,"Event dictionary committed; each event has owner, trigger, payload, KPI mapping",Not Started,,,
0-14d,BH-002.01,BH-002,2,Add shared client tracking helper and BaseLayout bootstrap hook for reliable event dispatch,Conversion visibility,src/layouts/BaseLayout.astro; src/components/BudgetGearBuilder.svelte; src/components/DownloadModal.svelte; src/components/TrailChat.svelte; src/pages/videos/index.astro; src/components/prototypes/ProtoF_Ranger.svelte,Frontend,XS (2-4h),BH-001.04,BH-002 scope signed off with file-level acceptance criteria,Implementation brief for BH-002 committed with explicit inputs/outputs and reviewer approval.,Not Started,,,
0-14d,BH-002.02,BH-002,2,"Instrument guide/download and gear/tool CTA events in DownloadModal, BudgetGearBuilder, and ToolsDashboard",Conversion visibility,src/layouts/BaseLayout.astro; src/components/BudgetGearBuilder.svelte; src/components/DownloadModal.svelte; src/components/TrailChat.svelte; src/pages/videos/index.astro; src/components/prototypes/ProtoF_Ranger.svelte,Frontend,S (0.5-1d),BH-002.01,Core build for BH-002 merged to main with green CI,Code/docs updates for BH-002 merged; lint/tests passing with no critical defects.,Not Started,,,
0-14d,BH-002.03,BH-002,2,"Instrument TrailChat, videos index, and ProtoF Ranger/home CTA blocks with taxonomy-compliant events",Conversion visibility,src/layouts/BaseLayout.astro; src/components/BudgetGearBuilder.svelte; src/components/DownloadModal.svelte; src/components/TrailChat.svelte; src/pages/videos/index.astro; src/components/prototypes/ProtoF_Ranger.svelte,Frontend,S (0.5-1d),BH-002.02,BH-002 QA checklist passes with zero P1 defects,QA test matrix for BH-002 executed; evidence captured and blocking issues resolved.,Not Started,,,
0-14d,BH-002.04,BH-002,2,Execute click-through QA matrix and capture payload evidence for priority funnel events,Conversion visibility,src/layouts/BaseLayout.astro; src/components/BudgetGearBuilder.svelte; src/components/DownloadModal.svelte; src/components/TrailChat.svelte; src/pages/videos/index.astro; src/components/prototypes/ProtoF_Ranger.svelte,Frontend,XS-S (3-6h),BH-002.03,>=90% of priority CTA clicks emit trackable events,"Manual QA proves event fire for guide download, outbound gear click, video CTA, login, and chat usage",Not Started,,,
0-14d,BH-003.01,BH-003,3,"Create analytics_events migration with indexed event_name, source, session/user, and occurred_at columns",Reliable KPI data,backend/database/migrations/*create_analytics_events_table.php (new); backend/app/Http/Controllers/Api/V1/AnalyticsEventController.php (new); backend/routes/api.php,Backend,XS (2-4h),BH-001.04,BH-003 scope signed off with file-level acceptance criteria,Implementation brief for BH-003 committed with explicit inputs/outputs and reviewer approval.,Not Started,,,
0-14d,BH-003.02,BH-003,3,"Implement AnalyticsEventController request validation, auth handling, and batched insert flow",Reliable KPI data,backend/database/migrations/*create_analytics_events_table.php (new); backend/app/Http/Controllers/Api/V1/AnalyticsEventController.php (new); backend/routes/api.php,Backend,S (0.5-1d),BH-003.01,Core build for BH-003 merged to main with green CI,Code/docs updates for BH-003 merged; lint/tests passing with no critical defects.,Not Started,,,
0-14d,BH-003.03,BH-003,3,Register /api/v1/analytics/events route with rate limiting and abuse protection,Reliable KPI data,backend/database/migrations/*create_analytics_events_table.php (new); backend/app/Http/Controllers/Api/V1/AnalyticsEventController.php (new); backend/routes/api.php,Backend,S (0.5-1d),BH-003.02,BH-003 QA checklist passes with zero P1 defects,QA test matrix for BH-003 executed; evidence captured and blocking issues resolved.,Not Started,,,
0-14d,BH-003.04,BH-003,3,Add API tests plus load sanity run proving valid event persistence under expected traffic,Reliable KPI data,backend/database/migrations/*create_analytics_events_table.php (new); backend/app/Http/Controllers/Api/V1/AnalyticsEventController.php (new); backend/routes/api.php,Backend,XS-S (3-6h),BH-003.03,100% valid events persisted with <2s write latency,POST /api/v1/analytics/events accepts batched payloads; request validation + auth/rate-limit + tests pass,Not Started,,,
0-14d,BH-004.01,BH-004,4,Define weekly profitability scorecard schema and markdown output template in docs/business/scorecards/,Execution cadence,backend/app/Console/Commands/BuildProfitabilityScorecard.php (new); scripts/profitability-scorecard.mjs (new); docs/business/scorecards/ (new),Ops/Finance,XS (2-4h),BH-002.04; BH-003.04,BH-004 scope signed off with file-level acceptance criteria,Implementation brief for BH-004 committed with explicit inputs/outputs and reviewer approval.,Not Started,,,
0-14d,BH-004.02,BH-004,4,"Build BuildProfitabilityScorecard aggregation logic for completion %, funnel, and money KPIs",Execution cadence,backend/app/Console/Commands/BuildProfitabilityScorecard.php (new); scripts/profitability-scorecard.mjs (new); docs/business/scorecards/ (new),Ops/Finance,S (0.5-1d),BH-004.01,Core build for BH-004 merged to main with green CI,Code/docs updates for BH-004 merged; lint/tests passing with no critical defects.,Not Started,,,
0-14d,BH-004.03,BH-004,4,Wire scripts/profitability-scorecard.mjs and scheduling config for Monday automated generation,Execution cadence,backend/app/Console/Commands/BuildProfitabilityScorecard.php (new); scripts/profitability-scorecard.mjs (new); docs/business/scorecards/ (new),Ops/Finance,S (0.5-1d),BH-004.02,BH-004 QA checklist passes with zero P1 defects,QA test matrix for BH-004 executed; evidence captured and blocking issues resolved.,Not Started,,,
0-14d,BH-004.04,BH-004,4,Publish first two real weekly scorecards and reconcile metrics against source event/order data,Execution cadence,backend/app/Console/Commands/BuildProfitabilityScorecard.php (new); scripts/profitability-scorecard.mjs (new); docs/business/scorecards/ (new),Ops/Finance,XS-S (3-6h),BH-004.03,Automated weekly scorecard generated every Monday by 8am,"Scorecard includes overall % complete, by-phase %, top-10 %, leads, conversion, revenue, gross margin",Not Started,,,
0-14d,BH-005.01,BH-005,5,"Design outbound redirect contract (item_id, source, campaign, destination, signed token)",Affiliate / partner attribution,backend/app/Http/Controllers/Api/V1/OutboundLinkController.php (new); backend/routes/api.php; src/components/BudgetGearBuilder.svelte; src/lib/outboundLinks.ts (new),Backend + Frontend,XS (2-4h),BH-003.04,BH-005 scope signed off with file-level acceptance criteria,Implementation brief for BH-005 committed with explicit inputs/outputs and reviewer approval.,Not Started,,,
0-14d,BH-005.02,BH-005,5,Implement OutboundLinkController redirect endpoint to log click data then issue safe 302,Affiliate / partner attribution,backend/app/Http/Controllers/Api/V1/OutboundLinkController.php (new); backend/routes/api.php; src/components/BudgetGearBuilder.svelte; src/lib/outboundLinks.ts (new),Backend + Frontend,S (0.5-1d),BH-005.01,Core build for BH-005 merged to main with green CI,Code/docs updates for BH-005 merged; lint/tests passing with no critical defects.,Not Started,,,
0-14d,BH-005.03,BH-005,5,Refactor BudgetGearBuilder Buy buttons to use src/lib/outboundLinks.ts tracked redirect URLs,Affiliate / partner attribution,backend/app/Http/Controllers/Api/V1/OutboundLinkController.php (new); backend/routes/api.php; src/components/BudgetGearBuilder.svelte; src/lib/outboundLinks.ts (new),Backend + Frontend,S (0.5-1d),BH-005.02,BH-005 QA checklist passes with zero P1 defects,QA test matrix for BH-005 executed; evidence captured and blocking issues resolved.,Not Started,,,
0-14d,BH-005.04,BH-005,5,QA 20 sampled gear links confirming click records and final merchant destination accuracy,Affiliate / partner attribution,backend/app/Http/Controllers/Api/V1/OutboundLinkController.php (new); backend/routes/api.php; src/components/BudgetGearBuilder.svelte; src/lib/outboundLinks.ts (new),Backend + Frontend,XS-S (3-6h),BH-005.03,>=95% product-link clicks recorded with source + item_id,All “Buy” buttons route through redirect endpoint; click records stored with campaign metadata,Not Started,,,
0-14d,BH-006.01,BH-006,6,"Audit gearRecommendations.json for duplicate SKUs, dead links, and missing monetization flags",Revenue per click,src/data/gearRecommendations.json; src/data/affiliateMap.json (new); scripts/normalize-gear-links.mjs (new),Growth/Content,XS (2-4h),BH-005.04,BH-006 scope signed off with file-level acceptance criteria,Implementation brief for BH-006 committed with explicit inputs/outputs and reviewer approval.,Not Started,,,
0-14d,BH-006.02,BH-006,6,"Create affiliateMap.json with partner parameter rules, disclosure tags, and exceptions",Revenue per click,src/data/gearRecommendations.json; src/data/affiliateMap.json (new); scripts/normalize-gear-links.mjs (new),Growth/Content,S (0.5-1d),BH-006.01,Core build for BH-006 merged to main with green CI,Code/docs updates for BH-006 merged; lint/tests passing with no critical defects.,Not Started,,,
0-14d,BH-006.03,BH-006,6,Implement normalize-gear-links.mjs lint/normalize pass and remediate all catalog violations,Revenue per click,src/data/gearRecommendations.json; src/data/affiliateMap.json (new); scripts/normalize-gear-links.mjs (new),Growth/Content,S (0.5-1d),BH-006.02,BH-006 QA checklist passes with zero P1 defects,QA test matrix for BH-006 executed; evidence captured and blocking issues resolved.,Not Started,,,
0-14d,BH-006.04,BH-006,6,Publish partner-terms + tagging coverage report showing 100% monetizable-link classification,Revenue per click,src/data/gearRecommendations.json; src/data/affiliateMap.json (new); scripts/normalize-gear-links.mjs (new),Growth/Content,XS-S (3-6h),BH-006.03,100% monetizable links tagged OR explicitly marked non-affiliate,Link linter returns zero untagged monetizable links; doc of partner terms committed,Not Started,,,
0-14d,BH-007.01,BH-007,7,Design low-friction /guide lead gate UX and copy with email-only required field policy,Lead volume,src/components/DownloadModal.svelte; src/components/DownloadGuideButton.svelte; src/pages/guide/index.astro; backend/routes/api.php,Frontend,XS (2-4h),BH-002.04; BH-003.04,BH-007 scope signed off with file-level acceptance criteria,Implementation brief for BH-007 committed with explicit inputs/outputs and reviewer approval.,Not Started,,,
0-14d,BH-007.02,BH-007,7,Implement lead form validation and modal state flow in DownloadModal and DownloadGuideButton,Lead volume,src/components/DownloadModal.svelte; src/components/DownloadGuideButton.svelte; src/pages/guide/index.astro; backend/routes/api.php,Frontend,S (0.5-1d),BH-007.01,Core build for BH-007 merged to main with green CI,Code/docs updates for BH-007 merged; lint/tests passing with no critical defects.,Not Started,,,
0-14d,BH-007.03,BH-007,7,Wire lead submit API call and unlock PDF/Markdown download only after successful capture event,Lead volume,src/components/DownloadModal.svelte; src/components/DownloadGuideButton.svelte; src/pages/guide/index.astro; backend/routes/api.php,Frontend,S (0.5-1d),BH-007.02,BH-007 QA checklist passes with zero P1 defects,QA test matrix for BH-007 executed; evidence captured and blocking issues resolved.,Not Started,,,
0-14d,BH-007.04,BH-007,7,Run desktop/mobile funnel QA proving lead_created then asset_downloaded sequence integrity,Lead volume,src/components/DownloadModal.svelte; src/components/DownloadGuideButton.svelte; src/pages/guide/index.astro; backend/routes/api.php,Frontend,XS-S (3-6h),BH-007.03,Guide lead capture rate >=8% of unique /guide visitors,Email capture completes before PDF/MD download and emits lead_created event,Not Started,,,
0-14d,BH-008.01,BH-008,8,Finalize email provider integration approach and configure credentials/env documentation,Lead nurturing,backend/config/services.php; backend/app/Http/Controllers/Api/V1/LeadCaptureController.php (new); backend/app/Jobs/SendLeadWelcomeSequence.php (new); docs/business/email-sequences/start-here-welcome.md (new),Backend/Growth,XS (2-4h),BH-007.04,BH-008 scope signed off with file-level acceptance criteria,Implementation brief for BH-008 committed with explicit inputs/outputs and reviewer approval.,Not Started,,,
0-14d,BH-008.02,BH-008,8,Implement LeadCaptureController contact upsert + SendLeadWelcomeSequence trigger,Lead nurturing,backend/config/services.php; backend/app/Http/Controllers/Api/V1/LeadCaptureController.php (new); backend/app/Jobs/SendLeadWelcomeSequence.php (new); docs/business/email-sequences/start-here-welcome.md (new),Backend/Growth,S (0.5-1d),BH-008.01,Core build for BH-008 merged to main with green CI,Code/docs updates for BH-008 merged; lint/tests passing with no critical defects.,Not Started,,,
0-14d,BH-008.03,BH-008,8,"Author five-message welcome sequence (timing, objective, CTA) in start-here-welcome.md",Lead nurturing,backend/config/services.php; backend/app/Http/Controllers/Api/V1/LeadCaptureController.php (new); backend/app/Jobs/SendLeadWelcomeSequence.php (new); docs/business/email-sequences/start-here-welcome.md (new),Backend/Growth,S (0.5-1d),BH-008.02,BH-008 QA checklist passes with zero P1 defects,QA test matrix for BH-008 executed; evidence captured and blocking issues resolved.,Not Started,,,
0-14d,BH-008.04,BH-008,8,"Validate deliverability with seed tests, bounce/error logging, and <5 minute first-send SLA",Lead nurturing,backend/config/services.php; backend/app/Http/Controllers/Api/V1/LeadCaptureController.php (new); backend/app/Jobs/SendLeadWelcomeSequence.php (new); docs/business/email-sequences/start-here-welcome.md (new),Backend/Growth,XS-S (3-6h),BH-008.03,>=95% of new leads receive email #1 within 5 minutes,Lead creates contact + sequence trigger; bounce/error logging in place,Not Started,,,
0-14d,BH-009.01,BH-009,9,"Define monetization CTA placement map for homepage/proto ranger, videos index, and tools hub",CTR to offer pages,src/components/prototypes/ProtoF_Ranger.svelte; src/pages/videos/index.astro; src/components/tools/ToolsDashboard.svelte; src/components/Header.astro,Frontend/Growth,XS (2-4h),BH-007.04; BH-008.04,BH-009 scope signed off with file-level acceptance criteria,Implementation brief for BH-009 committed with explicit inputs/outputs and reviewer approval.,Not Started,,,
0-14d,BH-009.02,BH-009,9,"Implement contextual CTA modules for Lead Magnet, Trail Launch Kit, and VideoHogg pilot paths",CTR to offer pages,src/components/prototypes/ProtoF_Ranger.svelte; src/pages/videos/index.astro; src/components/tools/ToolsDashboard.svelte; src/components/Header.astro,Frontend/Growth,S (0.5-1d),BH-009.01,Core build for BH-009 merged to main with green CI,Code/docs updates for BH-009 merged; lint/tests passing with no critical defects.,Not Started,,,
0-14d,BH-009.03,BH-009,9,Attach attribution parameters and event tracking to each CTA variant and location,CTR to offer pages,src/components/prototypes/ProtoF_Ranger.svelte; src/pages/videos/index.astro; src/components/tools/ToolsDashboard.svelte; src/components/Header.astro,Frontend/Growth,S (0.5-1d),BH-009.02,BH-009 QA checklist passes with zero P1 defects,QA test matrix for BH-009 executed; evidence captured and blocking issues resolved.,Not Started,,,
0-14d,BH-009.04,BH-009,9,Publish 14-day baseline CTR report and iterate weak placements/copy before scale,CTR to offer pages,src/components/prototypes/ProtoF_Ranger.svelte; src/pages/videos/index.astro; src/components/tools/ToolsDashboard.svelte; src/components/Header.astro,Frontend/Growth,XS-S (3-6h),BH-009.03,Sitewide offer CTA CTR >=3% in first 14 days,"At least 3 contextual CTAs live (Lead magnet, Trail Kit, VideoHogg pilot), all tracked",Not Started,,,
0-14d,BH-010.01,BH-010,10,Draft offer hierarchy and messaging blocks for free/core/premium stack on start-here-offers page,Offer clarity and conversion,src/pages/start-here-offers.astro (new); src/components/BaseHead.astro; public/og-offers.png (new),Product/Content,XS (2-4h),BH-009.04,BH-010 scope signed off with file-level acceptance criteria,Implementation brief for BH-010 committed with explicit inputs/outputs and reviewer approval.,Not Started,,,
0-14d,BH-010.02,BH-010,10,"Build src/pages/start-here-offers.astro with proof blocks, CTA hierarchy, and route metadata",Offer clarity and conversion,src/pages/start-here-offers.astro (new); src/components/BaseHead.astro; public/og-offers.png (new),Product/Content,S (0.5-1d),BH-010.01,Core build for BH-010 merged to main with green CI,Code/docs updates for BH-010 merged; lint/tests passing with no critical defects.,Not Started,,,
0-14d,BH-010.03,BH-010,10,"Add OG asset + SEO metadata wiring (BaseHead, og image, canonical, social tags)",Offer clarity and conversion,src/pages/start-here-offers.astro (new); src/components/BaseHead.astro; public/og-offers.png (new),Product/Content,S (0.5-1d),BH-010.02,BH-010 QA checklist passes with zero P1 defects,QA test matrix for BH-010 executed; evidence captured and blocking issues resolved.,Not Started,,,
0-14d,BH-010.04,BH-010,10,Validate conversion links + analytics events on offers page and log launch evidence in scorecard,Offer clarity and conversion,src/pages/start-here-offers.astro (new); src/components/BaseHead.astro; public/og-offers.png (new),Product/Content,XS-S (3-6h),BH-010.03,Landing page lead-to-interest click rate >=5%,"Page includes offer stack, proof, CTA hierarchy, tracking params, and SEO metadata",Not Started,,,
0-14d,BH-011.01,BH-011,,"Inventory variable/fixed cost inputs for TrailChat, VideoHogg, infra, and third-party tooling",Margin control,netlify/functions/ask.ts; backend/app/Models/VideoHoggRun.php; docs/business/unit-economics-baseline.md (new),Finance/Ops,XS (2-4h),BH-003.04,BH-011 scope signed off with file-level acceptance criteria,Implementation brief for BH-011 committed with explicit inputs/outputs and reviewer approval.,Not Started,,,
0-14d,BH-011.02,BH-011,,Build baseline unit-economics model with assumptions and formulas in unit-economics-baseline.md,Margin control,netlify/functions/ask.ts; backend/app/Models/VideoHoggRun.php; docs/business/unit-economics-baseline.md (new),Finance/Ops,S (0.5-1d),BH-011.01,Core build for BH-011 merged to main with green CI,Code/docs updates for BH-011 merged; lint/tests passing with no critical defects.,Not Started,,,
0-14d,BH-011.03,BH-011,,Attach source queries/log extracts for cost-per-100 asks and cost-per-VideoHogg run calculations,Margin control,netlify/functions/ask.ts; backend/app/Models/VideoHoggRun.php; docs/business/unit-economics-baseline.md (new),Finance/Ops,S (0.5-1d),BH-011.02,BH-011 QA checklist passes with zero P1 defects,QA test matrix for BH-011 executed; evidence captured and blocking issues resolved.,Not Started,,,
0-14d,BH-011.04,BH-011,,Review and lock weekly unit-economics refresh cadence with threshold alerts,Margin control,netlify/functions/ask.ts; backend/app/Models/VideoHoggRun.php; docs/business/unit-economics-baseline.md (new),Finance/Ops,XS-S (3-6h),BH-011.03,Cost per 100 asks and cost per VideoHogg run calculated weekly,Baseline spreadsheet with assumptions + source query links committed,Not Started,,,
0-14d,BH-012.01,BH-012,,"Define AI usage guardrail policy: per-user quotas, caching behavior, fallback responses, and hard caps",Cost containment,netlify/functions/ask.ts; src/components/TrailChat.svelte; backend/routes/api.php,Backend/Ops,XS (2-4h),BH-011.04,BH-012 scope signed off with file-level acceptance criteria,Implementation brief for BH-012 committed with explicit inputs/outputs and reviewer approval.,Not Started,,,
0-14d,BH-012.02,BH-012,,"Implement guardrail enforcement in ask.ts, TrailChat UX, and supporting backend routes",Cost containment,netlify/functions/ask.ts; src/components/TrailChat.svelte; backend/routes/api.php,Backend/Ops,S (0.5-1d),BH-012.01,Core build for BH-012 merged to main with green CI,Code/docs updates for BH-012 merged; lint/tests passing with no critical defects.,Not Started,,,
0-14d,BH-012.03,BH-012,,"Add monitoring counters for over-limit events, cache hit rate, and cost-per-active-user trend",Cost containment,netlify/functions/ask.ts; src/components/TrailChat.svelte; backend/routes/api.php,Backend/Ops,S (0.5-1d),BH-012.02,BH-012 QA checklist passes with zero P1 defects,QA test matrix for BH-012 executed; evidence captured and blocking issues resolved.,Not Started,,,
0-14d,BH-012.04,BH-012,,Run before/after analysis proving >=30% cost reduction without core UX regression,Cost containment,netlify/functions/ask.ts; src/components/TrailChat.svelte; backend/routes/api.php,Backend/Ops,XS-S (3-6h),BH-012.03,Reduce ask API cost per active user by >=30%,"Quota, caching, and fallback behavior enforced; over-limit requests handled gracefully",Not Started,,,
15-45d,BH-013.01,BH-013,,Evaluate checkout providers against HoggCountry requirements and document weighted decision record,Payment conversion,backend/config/services.php; backend/.env.example; docs/business/checkout-decision-record.md (new),Product/Backend,XS (2-4h),BH-010.04,BH-013 scope signed off with file-level acceptance criteria,Implementation brief for BH-013 committed with explicit inputs/outputs and reviewer approval.,Not Started,,,
15-45d,BH-013.02,BH-013,,"Configure selected provider credentials, webhook endpoints, and .env example values",Payment conversion,backend/config/services.php; backend/.env.example; docs/business/checkout-decision-record.md (new),Product/Backend,S (0.5-1d),BH-013.01,Core build for BH-013 merged to main with green CI,Code/docs updates for BH-013 merged; lint/tests passing with no critical defects.,Not Started,,,
15-45d,BH-013.03,BH-013,,Execute staging + production-test-mode transaction walkthrough with replayable evidence,Payment conversion,backend/config/services.php; backend/.env.example; docs/business/checkout-decision-record.md (new),Product/Backend,S (0.5-1d),BH-013.02,1 end-to-end test payment succeeds in staging and production test mode,"Provider selected, credentials configured, sandbox payment walkthrough recorded",Not Started,,,
15-45d,BH-014.01,BH-014,,"Define initial paid SKU set (digital, add-on, service) with buyer segment mapping",Average order value + gross margin,src/data/products.json (new); docs/business/pricing-matrix-start-here.md (new),Product/Finance,XS (2-4h),BH-011.04; BH-013.03,BH-014 scope signed off with file-level acceptance criteria,Implementation brief for BH-014 committed with explicit inputs/outputs and reviewer approval.,Not Started,,,
15-45d,BH-014.02,BH-014,,"Build pricing matrix with list price, COGS, margin %, fulfillment owner, and risk notes",Average order value + gross margin,src/data/products.json (new); docs/business/pricing-matrix-start-here.md (new),Product/Finance,S (0.5-1d),BH-014.01,Core build for BH-014 merged to main with green CI,Code/docs updates for BH-014 merged; lint/tests passing with no critical defects.,Not Started,,,
15-45d,BH-014.03,BH-014,,Publish products.json + pricing-matrix-start-here.md and obtain owner sign-off,Average order value + gross margin,src/data/products.json (new); docs/business/pricing-matrix-start-here.md (new),Product/Finance,S (0.5-1d),BH-014.02,>=3 paid offers with projected gross margin >=70%,"SKU list approved (price, COGS, fulfillment owner, target buyer segment)",Not Started,,,
15-45d,BH-015.01,BH-015,,Design order lifecycle state machine and webhook event-to-state transition map,Cash collection reliability,backend/database/migrations/*create_orders_table.php (new); backend/app/Models/Order.php (new); backend/app/Http/Controllers/Api/V1/CheckoutWebhookController.php (new); backend/routes/api.php,Backend,XS (2-4h),BH-013.03; BH-014.03,BH-015 scope signed off with file-level acceptance criteria,Implementation brief for BH-015 committed with explicit inputs/outputs and reviewer approval.,Not Started,,,
15-45d,BH-015.02,BH-015,,Implement orders schema/model plus webhook signature verification and idempotency controls,Cash collection reliability,backend/database/migrations/*create_orders_table.php (new); backend/app/Models/Order.php (new); backend/app/Http/Controllers/Api/V1/CheckoutWebhookController.php (new); backend/routes/api.php,Backend,S (0.5-1d),BH-015.01,Core build for BH-015 merged to main with green CI,Code/docs updates for BH-015 merged; lint/tests passing with no critical defects.,Not Started,,,
15-45d,BH-015.03,BH-015,,"Add fulfillment event logging, retry queue behavior, and failure alert hooks",Cash collection reliability,backend/database/migrations/*create_orders_table.php (new); backend/app/Models/Order.php (new); backend/app/Http/Controllers/Api/V1/CheckoutWebhookController.php (new); backend/routes/api.php,Backend,S (0.5-1d),BH-015.02,BH-015 QA checklist passes with zero P1 defects,QA test matrix for BH-015 executed; evidence captured and blocking issues resolved.,Not Started,,,
15-45d,BH-015.04,BH-015,,Run webhook/payment test suite proving every successful payment yields a valid order record,Cash collection reliability,backend/database/migrations/*create_orders_table.php (new); backend/app/Models/Order.php (new); backend/app/Http/Controllers/Api/V1/CheckoutWebhookController.php (new); backend/routes/api.php,Backend,XS-S (3-6h),BH-015.03,100% successful payments create order + fulfillment event,"Webhook verification, idempotency, retries, and failure alerts implemented",Not Started,,,
15-45d,BH-016.01,BH-016,,Package Trail Launch Kit assets from existing guide/tools into versioned paid deliverable bundle,New revenue stream,src/pages/trail-launch-kit.astro (new); docs/business/products/trail-launch-kit.md (new); public/downloads/trail-launch-kit/* (new),Content/Product,XS (2-4h),BH-014.03; BH-015.04,BH-016 scope signed off with file-level acceptance criteria,Implementation brief for BH-016 committed with explicit inputs/outputs and reviewer approval.,Not Started,,,
15-45d,BH-016.02,BH-016,,"Build trail-launch-kit offer page with value stack, FAQs, and checkout integration",New revenue stream,src/pages/trail-launch-kit.astro (new); docs/business/products/trail-launch-kit.md (new); public/downloads/trail-launch-kit/* (new),Content/Product,S (0.5-1d),BH-016.01,Core build for BH-016 merged to main with green CI,Code/docs updates for BH-016 merged; lint/tests passing with no critical defects.,Not Started,,,
15-45d,BH-016.03,BH-016,,Implement automated post-purchase digital delivery and support instructions,New revenue stream,src/pages/trail-launch-kit.astro (new); docs/business/products/trail-launch-kit.md (new); public/downloads/trail-launch-kit/* (new),Content/Product,S (0.5-1d),BH-016.02,BH-016 QA checklist passes with zero P1 defects,QA test matrix for BH-016 executed; evidence captured and blocking issues resolved.,Not Started,,,
15-45d,BH-016.04,BH-016,,Launch offer and run daily conversion checks until first 20 paid sales milestone,New revenue stream,src/pages/trail-launch-kit.astro (new); docs/business/products/trail-launch-kit.md (new); public/downloads/trail-launch-kit/* (new),Content/Product,XS-S (3-6h),BH-016.03,20 paid sales within 30 days of launch,"Offer page live, checkout linked, delivery assets shipped automatically",Not Started,,,
15-45d,BH-017.01,BH-017,,"Define upsell trigger points inside PackBuilder, BudgetCalculator, and GearBuilder user flows",AOV lift,src/components/PackBuilder.svelte; src/components/BudgetCalculator.svelte; src/components/BudgetGearBuilder.svelte; src/components/tools/ToolsDashboard.svelte,Frontend/Growth,XS (2-4h),BH-016.04,BH-017 scope signed off with file-level acceptance criteria,Implementation brief for BH-017 committed with explicit inputs/outputs and reviewer approval.,Not Started,,,
15-45d,BH-017.02,BH-017,,Implement upsell components with suppression/frequency rules across tool surfaces,AOV lift,src/components/PackBuilder.svelte; src/components/BudgetCalculator.svelte; src/components/BudgetGearBuilder.svelte; src/components/tools/ToolsDashboard.svelte,Frontend/Growth,S (0.5-1d),BH-017.01,Core build for BH-017 merged to main with green CI,Code/docs updates for BH-017 merged; lint/tests passing with no critical defects.,Not Started,,,
15-45d,BH-017.03,BH-017,,Validate attach-rate telemetry and optimize offer copy/rules to hit >=20% attach target,AOV lift,src/components/PackBuilder.svelte; src/components/BudgetCalculator.svelte; src/components/BudgetGearBuilder.svelte; src/components/tools/ToolsDashboard.svelte,Frontend/Growth,S (0.5-1d),BH-017.02,Attach rate >=20% for one add-on offer,Upsell surfaces appear at defined trigger points with event tracking and suppression rules,Not Started,,,
15-45d,BH-018.01,BH-018,,"Define referral program mechanics (code format, credit rules, expiration, anti-abuse constraints)",Lower CAC,backend/database/migrations/*create_referrals_table.php (new); backend/app/Models/Referral.php (new); backend/app/Http/Controllers/Api/V1/ReferralController.php (new); src/pages/referrals.astro (new),Backend/Growth,XS (2-4h),BH-015.04,BH-018 scope signed off with file-level acceptance criteria,Implementation brief for BH-018 committed with explicit inputs/outputs and reviewer approval.,Not Started,,,
15-45d,BH-018.02,BH-018,,Implement referrals table/model/controller plus code generation and redemption flow,Lower CAC,backend/database/migrations/*create_referrals_table.php (new); backend/app/Models/Referral.php (new); backend/app/Http/Controllers/Api/V1/ReferralController.php (new); src/pages/referrals.astro (new),Backend/Growth,S (0.5-1d),BH-018.01,Core build for BH-018 merged to main with green CI,Code/docs updates for BH-018 merged; lint/tests passing with no critical defects.,Not Started,,,
15-45d,BH-018.03,BH-018,,"Build referrals page/account view with share links, redemption status, and event tracking",Lower CAC,backend/database/migrations/*create_referrals_table.php (new); backend/app/Models/Referral.php (new); backend/app/Http/Controllers/Api/V1/ReferralController.php (new); src/pages/referrals.astro (new),Backend/Growth,S (0.5-1d),BH-018.02,BH-018 QA checklist passes with zero P1 defects,QA test matrix for BH-018 executed; evidence captured and blocking issues resolved.,Not Started,,,
15-45d,BH-018.04,BH-018,,Publish payout/credit reconciliation process and validate referral attribution reporting,Lower CAC,backend/database/migrations/*create_referrals_table.php (new); backend/app/Models/Referral.php (new); backend/app/Http/Controllers/Api/V1/ReferralController.php (new); src/pages/referrals.astro (new),Backend/Growth,XS-S (3-6h),BH-018.03,>=15% of paid buyers from referral channel by day 45,"Unique referral codes generated, redemption tracked, payout/credit logic documented",Not Started,,,
15-45d,BH-019.01,BH-019,,Implement retargeting base pixel loading in BaseLayout/netlify config with privacy-safe controls,Retargeting conversion,src/layouts/BaseLayout.astro; netlify.toml; docs/business/retargeting-events-map.md (new),Growth/Frontend,XS (2-4h),BH-002.04; BH-010.04,BH-019 scope signed off with file-level acceptance criteria,Implementation brief for BH-019 committed with explicit inputs/outputs and reviewer approval.,Not Started,,,
15-45d,BH-019.02,BH-019,,Map and fire Lead/InitiateCheckout/Purchase conversion events from tracked funnel actions,Retargeting conversion,src/layouts/BaseLayout.astro; netlify.toml; docs/business/retargeting-events-map.md (new),Growth/Frontend,S (0.5-1d),BH-019.01,Core build for BH-019 merged to main with green CI,Code/docs updates for BH-019 merged; lint/tests passing with no critical defects.,Not Started,,,
15-45d,BH-019.03,BH-019,,Validate audience growth and event diagnostics in ad manager with screenshot evidence,Retargeting conversion,src/layouts/BaseLayout.astro; netlify.toml; docs/business/retargeting-events-map.md (new),Growth/Frontend,S (0.5-1d),BH-019.02,Retargeting audience >=500 users in 30 days,"ViewContent, Lead, InitiateCheckout, Purchase events validated in ad manager diagnostics",Not Started,,,
15-45d,BH-020.01,BH-020,,"Create 90-day marketing calendar with channel, asset, owner, publish date, and KPI target fields",Consistent lead flow,docs/business/marketing-calendar-90-day.md (new); docs/business/content-ops-checklists.md (new),Growth/Owner,XS (2-4h),BH-010.04,BH-020 scope signed off with file-level acceptance criteria,Implementation brief for BH-020 committed with explicit inputs/outputs and reviewer approval.,Not Started,,,
15-45d,BH-020.02,BH-020,,Convert calendar into weekly operating checklist with proof-link requirements,Consistent lead flow,docs/business/marketing-calendar-90-day.md (new); docs/business/content-ops-checklists.md (new),Growth/Owner,S (0.5-1d),BH-020.01,Core build for BH-020 merged to main with green CI,Code/docs updates for BH-020 merged; lint/tests passing with no critical defects.,Not Started,,,
15-45d,BH-020.03,BH-020,,Complete first 4 execution weeks (>=5 actions/week) and publish cadence performance recap,Consistent lead flow,docs/business/marketing-calendar-90-day.md (new); docs/business/content-ops-checklists.md (new),Growth/Owner,S (0.5-1d),BH-020.02,>=5 publish/promote actions per week for 4 consecutive weeks,"Calendar has daily actions, owner, and proof links; first 4 weeks fully executed",Not Started,,,
15-45d,BH-021.01,BH-021,,"Prioritize SEO audit backlog fixes by impact (schema, metadata, internal links, alt coverage)",Organic traffic growth,src/components/BaseHead.astro; src/layouts/BaseLayout.astro; src/layouts/BlogPost.astro; src/components/Footer.astro; src/pages/blog/index.astro,Frontend/SEO,XS (2-4h),BH-020.03,BH-021 scope signed off with file-level acceptance criteria,Implementation brief for BH-021 committed with explicit inputs/outputs and reviewer approval.,Not Started,,,
15-45d,BH-021.02,BH-021,,"Implement critical SEO fixes in BaseHead, BlogPost layout, Footer, and blog index templates",Organic traffic growth,src/components/BaseHead.astro; src/layouts/BaseLayout.astro; src/layouts/BlogPost.astro; src/components/Footer.astro; src/pages/blog/index.astro,Frontend/SEO,S (0.5-1d),BH-021.01,Core build for BH-021 merged to main with green CI,Code/docs updates for BH-021 merged; lint/tests passing with no critical defects.,Not Started,,,
15-45d,BH-021.03,BH-021,,Run post-fix crawl/search-console validation and log baseline for 60-day organic growth tracking,Organic traffic growth,src/components/BaseHead.astro; src/layouts/BaseLayout.astro; src/layouts/BlogPost.astro; src/components/Footer.astro; src/pages/blog/index.astro,Frontend/SEO,S (0.5-1d),BH-021.02,+30% non-brand organic clicks within 60 days,"JSON-LD, alt-text coverage, nav/footer internal links, and page-specific metadata all shipped",Not Started,,,
15-45d,BH-022.01,BH-022,,Create enforceable article upload checklist template with required SEO fields,Compounding inbound demand,docs/business/seo-uploading-checklist-start-here.md (new); scripts/content-seo-lint.mjs (new); docs/business/content/published-log.csv (new),Content/Ops,XS (2-4h),BH-021.03,BH-022 scope signed off with file-level acceptance criteria,Implementation brief for BH-022 committed with explicit inputs/outputs and reviewer approval.,Not Started,,,
15-45d,BH-022.02,BH-022,,Implement content-seo-lint.mjs and integrate checklist validation into publishing workflow,Compounding inbound demand,docs/business/seo-uploading-checklist-start-here.md (new); scripts/content-seo-lint.mjs (new); docs/business/content/published-log.csv (new),Content/Ops,S (0.5-1d),BH-022.01,Core build for BH-022 merged to main with green CI,Code/docs updates for BH-022 merged; lint/tests passing with no critical defects.,Not Started,,,
15-45d,BH-022.03,BH-022,,Ship 12 high-intent posts with completed checklist evidence in content/published-log.csv,Compounding inbound demand,docs/business/seo-uploading-checklist-start-here.md (new); scripts/content-seo-lint.mjs (new); docs/business/content/published-log.csv (new),Content/Ops,S (0.5-1d),BH-022.02,100% of published posts pass checklist; 12 high-intent posts shipped in 30d,Checklist attached to each content PR; fail-fast lint blocks non-compliant posts,Not Started,,,
46-90d,BH-023.01,BH-023,,"Draft premium live-map offer PRD with feature bundle, value narrative, and pricing hypothesis",Recurring revenue design,docs/business/premium-live-map-prd.md (new); src/components/AtMap.svelte; src/components/trail/TrailShell.svelte,Product,XS (2-4h),BH-014.03,BH-023 scope signed off with file-level acceptance criteria,Implementation brief for BH-023 committed with explicit inputs/outputs and reviewer approval.,Not Started,,,
46-90d,BH-023.02,BH-023,,Add waitlist/preorder capture surfaces on map/trail shell experiences,Recurring revenue design,docs/business/premium-live-map-prd.md (new); src/components/AtMap.svelte; src/components/trail/TrailShell.svelte,Product,S (0.5-1d),BH-023.01,Core build for BH-023 merged to main with green CI,Code/docs updates for BH-023 merged; lint/tests passing with no critical defects.,Not Started,,,
46-90d,BH-023.03,BH-023,,Evaluate demand signals (waitlist/preorders) and record build/iterate/kill decision,Recurring revenue design,docs/business/premium-live-map-prd.md (new); src/components/AtMap.svelte; src/components/trail/TrailShell.svelte,Product,S (0.5-1d),BH-023.02,100 waitlist signups OR 10 paid preorders,"PRD includes feature bundle, pricing hypothesis, and success metrics",Not Started,,,
46-90d,BH-024.01,BH-024,,"Design plans/subscriptions/invoices schema covering statuses, periods, taxes, and ledger relationships",MRR enablement,backend/database/migrations/*create_plans_table.php (new); *create_subscriptions_table.php (new); *create_invoices_table.php (new); backend/routes/api.php,Backend,XS (2-4h),BH-013.03; BH-023.03,BH-024 scope signed off with file-level acceptance criteria,Implementation brief for BH-024 committed with explicit inputs/outputs and reviewer approval.,Not Started,,,
46-90d,BH-024.02,BH-024,,"Implement migrations/models/APIs for subscription create, renew, pause/cancel lifecycle actions",MRR enablement,backend/database/migrations/*create_plans_table.php (new); *create_subscriptions_table.php (new); *create_invoices_table.php (new); backend/routes/api.php,Backend,S (0.5-1d),BH-024.01,Core build for BH-024 merged to main with green CI,Code/docs updates for BH-024 merged; lint/tests passing with no critical defects.,Not Started,,,
46-90d,BH-024.03,BH-024,,Integrate invoice/subscription event handling and state reconciliation logic,MRR enablement,backend/database/migrations/*create_plans_table.php (new); *create_subscriptions_table.php (new); *create_invoices_table.php (new); backend/routes/api.php,Backend,S (0.5-1d),BH-024.02,BH-024 QA checklist passes with zero P1 defects,QA test matrix for BH-024 executed; evidence captured and blocking issues resolved.,Not Started,,,
46-90d,BH-024.04,BH-024,,Execute lifecycle QA tests proving invoice accuracy and state integrity end-to-end,MRR enablement,backend/database/migrations/*create_plans_table.php (new); *create_subscriptions_table.php (new); *create_invoices_table.php (new); backend/routes/api.php,Backend,XS-S (3-6h),BH-024.03,Create/cancel subscription in test mode with accurate invoice records,Schema migrated; CRUD endpoints and tests for lifecycle events pass,Not Started,,,
46-90d,BH-025.01,BH-025,,"Build account billing UI for plan visibility, payment method management, and cancel/reactivate actions",Paid access integrity,src/pages/account/billing.astro (new); src/pages/login.astro; src/components/trail/TrailShell.svelte; backend/routes/api.php,Frontend + Backend,XS (2-4h),BH-024.04,BH-025 scope signed off with file-level acceptance criteria,Implementation brief for BH-025 committed with explicit inputs/outputs and reviewer approval.,Not Started,,,
46-90d,BH-025.02,BH-025,,Enforce premium feature access controls in TrailShell/login flows using subscription state checks,Paid access integrity,src/pages/account/billing.astro (new); src/pages/login.astro; src/components/trail/TrailShell.svelte; backend/routes/api.php,Frontend + Backend,S (0.5-1d),BH-025.01,Core build for BH-025 merged to main with green CI,Code/docs updates for BH-025 merged; lint/tests passing with no critical defects.,Not Started,,,
46-90d,BH-025.03,BH-025,,QA billing self-serve success and unauthorized-access prevention across critical scenarios,Paid access integrity,src/pages/account/billing.astro (new); src/pages/login.astro; src/components/trail/TrailShell.svelte; backend/routes/api.php,Frontend + Backend,S (0.5-1d),BH-025.02,0 unauthorized premium access in QA; billing self-serve success >=95%,Users can view/manage plan; feature flags enforced by subscription state,Not Started,,,
46-90d,BH-026.01,BH-026,,"Define paid VideoHogg pilot package, SLA promises, and qualification rubric",Service revenue,src/pages/videohogg.astro; backend/app/Http/Controllers/Api/V1/VideoHoggController.php; docs/business/videohogg-pilot-offer.md (new),Product/Backend,XS (2-4h),BH-015.04; BH-014.03,BH-026 scope signed off with file-level acceptance criteria,Implementation brief for BH-026 committed with explicit inputs/outputs and reviewer approval.,Not Started,,,
46-90d,BH-026.02,BH-026,,Implement paid pilot application/onboarding flow on videohogg page with payment/invite gating,Service revenue,src/pages/videohogg.astro; backend/app/Http/Controllers/Api/V1/VideoHoggController.php; docs/business/videohogg-pilot-offer.md (new),Product/Backend,S (0.5-1d),BH-026.01,Core build for BH-026 merged to main with green CI,Code/docs updates for BH-026 merged; lint/tests passing with no critical defects.,Not Started,,,
46-90d,BH-026.03,BH-026,,Add backend processing states and client communication checkpoints for pilot jobs,Service revenue,src/pages/videohogg.astro; backend/app/Http/Controllers/Api/V1/VideoHoggController.php; docs/business/videohogg-pilot-offer.md (new),Product/Backend,S (0.5-1d),BH-026.02,BH-026 QA checklist passes with zero P1 defects,QA test matrix for BH-026 executed; evidence captured and blocking issues resolved.,Not Started,,,
46-90d,BH-026.04,BH-026,,Close and document first paid pilot cohort outcomes (5 clients or 15 qualified applications),Service revenue,src/pages/videohogg.astro; backend/app/Http/Controllers/Api/V1/VideoHoggController.php; docs/business/videohogg-pilot-offer.md (new),Product/Backend,XS-S (3-6h),BH-026.03,5 paid pilot clients OR 15 qualified applications,Pilot onboarding flow includes payment/invite gate and fulfillment SLA,Not Started,,,
46-90d,BH-027.01,BH-027,,"Design post-purchase NPS survey schedule, question set, and automation triggers",Retention / LTV,backend/routes/api.php; src/pages/checkout/success.astro (new); docs/business/nps-loop.md (new),Growth/Ops,XS (2-4h),BH-016.04; BH-015.04,BH-027 scope signed off with file-level acceptance criteria,Implementation brief for BH-027 committed with explicit inputs/outputs and reviewer approval.,Not Started,,,
46-90d,BH-027.02,BH-027,,Implement checkout-success follow-up and detractor escalation workflow,Retention / LTV,backend/routes/api.php; src/pages/checkout/success.astro (new); docs/business/nps-loop.md (new),Growth/Ops,S (0.5-1d),BH-027.01,Core build for BH-027 merged to main with green CI,Code/docs updates for BH-027 merged; lint/tests passing with no critical defects.,Not Started,,,
46-90d,BH-027.03,BH-027,,Review weekly NPS/refund metrics and execute customer wow recovery actions,Retention / LTV,backend/routes/api.php; src/pages/checkout/success.astro (new); docs/business/nps-loop.md (new),Growth/Ops,S (0.5-1d),BH-027.02,NPS >=40 and refund rate <5% by day 90,Survey sent after fulfillment; detractor follow-up workflow documented and running,Not Started,,,
46-90d,BH-028.01,BH-028,,Define bundle recommendation logic matrix and margin thresholds for post-purchase offers,AOV and LTV,src/data/products.json; backend/app/Services/OfferEngine.php (new); src/pages/checkout/success.astro (new),Product/Backend,XS (2-4h),BH-017.03; BH-015.04,BH-028 scope signed off with file-level acceptance criteria,Implementation brief for BH-028 committed with explicit inputs/outputs and reviewer approval.,Not Started,,,
46-90d,BH-028.02,BH-028,,Implement OfferEngine bundle rules and checkout-success upsell surfaces,AOV and LTV,src/data/products.json; backend/app/Services/OfferEngine.php (new); src/pages/checkout/success.astro (new),Product/Backend,S (0.5-1d),BH-028.01,Core build for BH-028 merged to main with green CI,Code/docs updates for BH-028 merged; lint/tests passing with no critical defects.,Not Started,,,
46-90d,BH-028.03,BH-028,,Validate attach/conversion telemetry and iterate rules to reach >=20% post-purchase attach rate,AOV and LTV,src/data/products.json; backend/app/Services/OfferEngine.php (new); src/pages/checkout/success.astro (new),Product/Backend,S (0.5-1d),BH-028.02,Post-purchase attach rate >=20%,Rules-based offer recommendations live with conversion tracking,Not Started,,,
46-90d,BH-029.01,BH-029,,Define dormant lead/customer segments and winback trigger/suppression criteria,Reactivation revenue,backend/app/Jobs/RunWinbackSequence.php (new); docs/business/email-sequences/winback.md (new); docs/business/scorecards/,Growth/Backend,XS (2-4h),BH-008.04; BH-027.03,BH-029 scope signed off with file-level acceptance criteria,Implementation brief for BH-029 committed with explicit inputs/outputs and reviewer approval.,Not Started,,,
46-90d,BH-029.02,BH-029,,Implement RunWinbackSequence job orchestration and email template variants,Reactivation revenue,backend/app/Jobs/RunWinbackSequence.php (new); docs/business/email-sequences/winback.md (new); docs/business/scorecards/,Growth/Backend,S (0.5-1d),BH-029.01,Core build for BH-029 merged to main with green CI,Code/docs updates for BH-029 merged; lint/tests passing with no critical defects.,Not Started,,,
46-90d,BH-029.03,BH-029,,Publish weekly reactivation report and optimize offers/subject lines from results,Reactivation revenue,backend/app/Jobs/RunWinbackSequence.php (new); docs/business/email-sequences/winback.md (new); docs/business/scorecards/,Growth/Backend,S (0.5-1d),BH-029.02,Re-activate >=10% dormant leads/customers in 45 days,Automated segmentation + trigger rules in place with weekly reactivation reporting,Not Started,,,
46-90d,BH-030.01,BH-030,,"Create quarterly pricing experiment backlog with hypotheses, guardrails, and success criteria",Gross profit optimization,docs/business/pricing-experiments-log.md (new); docs/business/unit-economics-baseline.md,Finance/Product,XS (2-4h),BH-014.03; BH-027.03,BH-030 scope signed off with file-level acceptance criteria,Implementation brief for BH-030 committed with explicit inputs/outputs and reviewer approval.,Not Started,,,
46-90d,BH-030.02,BH-030,,Run controlled pricing tests with control vs variant instrumentation on selected offers,Gross profit optimization,docs/business/pricing-experiments-log.md (new); docs/business/unit-economics-baseline.md,Finance/Product,S (0.5-1d),BH-030.01,Core build for BH-030 merged to main with green CI,Code/docs updates for BH-030 merged; lint/tests passing with no critical defects.,Not Started,,,
46-90d,BH-030.03,BH-030,,Publish experiment postmortems with keep/kill decisions and gross-profit impact analysis,Gross profit optimization,docs/business/pricing-experiments-log.md (new); docs/business/unit-economics-baseline.md,Finance/Product,S (0.5-1d),BH-030.02,Gross profit/order +12% with conversion drop <=10%,At least 2 completed experiments with pre/post metrics and keep/kill decision,Not Started,,,
90+d,BH-031.01,BH-031,,"Audit affiliate surfaces for disclosure placement, tracking completeness, and policy gaps",Compliance-safe partner revenue,src/pages/disclosures.astro (new); src/components/BudgetGearBuilder.svelte; docs/business/affiliate-disclosure-policy.md (new); docs/business/scorecards/,Growth/Ops,XS (2-4h),BH-006.04; BH-005.04,BH-031 scope signed off with file-level acceptance criteria,Implementation brief for BH-031 committed with explicit inputs/outputs and reviewer approval.,Not Started,,,
90+d,BH-031.02,BH-031,,Implement disclosures page and inline disclosure components on affiliate-linked surfaces,Compliance-safe partner revenue,src/pages/disclosures.astro (new); src/components/BudgetGearBuilder.svelte; docs/business/affiliate-disclosure-policy.md (new); docs/business/scorecards/,Growth/Ops,S (0.5-1d),BH-031.01,Core build for BH-031 merged to main with green CI,Code/docs updates for BH-031 merged; lint/tests passing with no critical defects.,Not Started,,,
90+d,BH-031.03,BH-031,,Publish monthly affiliate compliance + revenue reconciliation report with evidence links,Compliance-safe partner revenue,src/pages/disclosures.astro (new); src/components/BudgetGearBuilder.svelte; docs/business/affiliate-disclosure-policy.md (new); docs/business/scorecards/,Growth/Ops,S (0.5-1d),BH-031.02,100% affiliate surfaces show disclosure; monthly affiliate report published,Disclosure policy live; audit finds zero non-compliant affiliate links,Not Started,,,
90+d,BH-032.01,BH-032,,"Build sponsor/media kit narrative with audience metrics, deliverables, and package tiers",Sponsorship revenue,src/pages/sponsor.astro (new); public/media-kit.pdf (new); src/components/prototypes/ProtoF_Ranger.svelte,Content/Sales,XS (2-4h),BH-020.03; BH-021.03,BH-032 scope signed off with file-level acceptance criteria,Implementation brief for BH-032 committed with explicit inputs/outputs and reviewer approval.,Not Started,,,
90+d,BH-032.02,BH-032,,Publish sponsor landing page + downloadable media kit with tracked inquiry CTA,Sponsorship revenue,src/pages/sponsor.astro (new); public/media-kit.pdf (new); src/components/prototypes/ProtoF_Ranger.svelte,Content/Sales,S (0.5-1d),BH-032.01,Core build for BH-032 merged to main with green CI,Code/docs updates for BH-032 merged; lint/tests passing with no critical defects.,Not Started,,,
90+d,BH-032.03,BH-032,,Execute sponsor outreach cadence and log inquiry-to-close performance each month,Sponsorship revenue,src/pages/sponsor.astro (new); public/media-kit.pdf (new); src/components/prototypes/ProtoF_Ranger.svelte,Content/Sales,S (0.5-1d),BH-032.02,10 sponsor inquiries/quarter and 2 signed deals,Media kit + pricing + contact flow live and tracked,Not Started,,,
90+d,BH-033.01,BH-033,,"Define B2B licensing offer structure, onboarding flow, and commercial terms for groups/churches/clubs",High-ticket revenue,src/pages/b2b.astro (new); docs/business/b2b-offer.md (new); backend/database/migrations/*org_accounts_table.php (new),Product/Sales,XS (2-4h),BH-015.04; BH-016.04,BH-033 scope signed off with file-level acceptance criteria,Implementation brief for BH-033 committed with explicit inputs/outputs and reviewer approval.,Not Started,,,
90+d,BH-033.02,BH-033,,Implement b2b offer page plus org-account schema prerequisites for pilot deals,High-ticket revenue,src/pages/b2b.astro (new); docs/business/b2b-offer.md (new); backend/database/migrations/*org_accounts_table.php (new),Product/Sales,S (0.5-1d),BH-033.01,Core build for BH-033 merged to main with green CI,Code/docs updates for BH-033 merged; lint/tests passing with no critical defects.,Not Started,,,
90+d,BH-033.03,BH-033,,Close first three pilot org opportunities and document repeatable onboarding playbook,High-ticket revenue,src/pages/b2b.astro (new); docs/business/b2b-offer.md (new); backend/database/migrations/*org_accounts_table.php (new),Product/Sales,S (0.5-1d),BH-033.02,3 pilot org customers in first quarter,"Offer, contract terms, pricing, and invoicing flow available for pilot buyers",Not Started,,,
90+d,BH-034.01,BH-034,,Build marketing tracking wall template tied directly to weekly scorecard KPIs,Execution reliability,docs/business/marketing-tracking-wall.md (new); docs/business/scorecards/weekly-*.md,Owner/Ops,XS (2-4h),BH-004.04; BH-020.03; BH-030.03,BH-034 scope signed off with file-level acceptance criteria,Implementation brief for BH-034 committed with explicit inputs/outputs and reviewer approval.,Not Started,,,
90+d,BH-034.02,BH-034,,Run weekly accountability meeting ritual with action-item ownership and deadlines,Execution reliability,docs/business/marketing-tracking-wall.md (new); docs/business/scorecards/weekly-*.md,Owner/Ops,S (0.5-1d),BH-034.01,Core build for BH-034 merged to main with green CI,Code/docs updates for BH-034 merged; lint/tests passing with no critical defects.,Not Started,,,
90+d,BH-034.03,BH-034,,Maintain 12-week meeting streak evidence and <24h corrective-action turnaround logs,Execution reliability,docs/business/marketing-tracking-wall.md (new); docs/business/scorecards/weekly-*.md,Owner/Ops,S (0.5-1d),BH-034.02,12 consecutive weekly accountability sessions completed,"Meeting cadence fixed, metrics reviewed weekly, corrective actions logged within 24h",Not Started,,,
90+d,BH-035.01,BH-035,,"Define finance control matrix for approvals, reconciliation, refunds/chargebacks, and fraud checks",Leak prevention,docs/business/finance-guardrails.md (new); backend/database/migrations/*finance_audit_logs_table.php (new); backend/app/Policies/*,Finance/Backend,XS (2-4h),BH-015.04,BH-035 scope signed off with file-level acceptance criteria,Implementation brief for BH-035 committed with explicit inputs/outputs and reviewer approval.,Not Started,,,
90+d,BH-035.02,BH-035,,Implement finance audit-log schema/policies and dual-approval checkpoints in backend flows,Leak prevention,docs/business/finance-guardrails.md (new); backend/database/migrations/*finance_audit_logs_table.php (new); backend/app/Policies/*,Finance/Backend,S (0.5-1d),BH-035.01,Core build for BH-035 merged to main with green CI,Code/docs updates for BH-035 merged; lint/tests passing with no critical defects.,Not Started,,,
90+d,BH-035.03,BH-035,,Build monthly close checklist with discrepancy investigation and escalation steps,Leak prevention,docs/business/finance-guardrails.md (new); backend/database/migrations/*finance_audit_logs_table.php (new); backend/app/Policies/*,Finance/Backend,S (0.5-1d),BH-035.02,BH-035 QA checklist passes with zero P1 defects,QA test matrix for BH-035 executed; evidence captured and blocking issues resolved.,Not Started,,,
90+d,BH-035.04,BH-035,,Complete two monthly close cycles with zero unexplained payment discrepancies above $10,Leak prevention,docs/business/finance-guardrails.md (new); backend/database/migrations/*finance_audit_logs_table.php (new); backend/app/Policies/*,Finance/Backend,XS-S (3-6h),BH-035.03,0 unexplained payment discrepancies >$10; monthly close by day 5,"Dual-approval rules, refund audit trail, and monthly reconciliation checklist operational",Not Started,,,
90+d,BH-036.01,BH-036,,Identify recurring growth/ops tasks to delegate with primary/backup owner assignments,Scalability + owner capacity,docs/business/sops/ (new); docs/business/completion-protocol.md (new); docs/business/marketing-calendar-90-day.md,Owner/Operations,XS (2-4h),BH-034.03,BH-036 scope signed off with file-level acceptance criteria,Implementation brief for BH-036 committed with explicit inputs/outputs and reviewer approval.,Not Started,,,
90+d,BH-036.02,BH-036,,"Document SOP library for traffic, lead capture, sales, fulfillment, and support execution",Scalability + owner capacity,docs/business/sops/ (new); docs/business/completion-protocol.md (new); docs/business/marketing-calendar-90-day.md,Owner/Operations,S (0.5-1d),BH-036.01,Core build for BH-036 merged to main with green CI,Code/docs updates for BH-036 merged; lint/tests passing with no critical defects.,Not Started,,,
90+d,BH-036.03,BH-036,,Validate >=80% owner-hands-off execution and revise SOPs from observed handoff gaps,Scalability + owner capacity,docs/business/sops/ (new); docs/business/completion-protocol.md (new); docs/business/marketing-calendar-90-day.md,Owner/Operations,S (0.5-1d),BH-036.02,>=80% of recurring weekly tasks executed without owner intervention,"SOPs for traffic, lead capture, sales, fulfillment, and support are documented + assigned backups",Not Started,,,
